Boro-Block-Lot,Condo Section,Address,Borough,Postcode,Latitude,Longitude,Community Board,Council District,Census Tract,BIN,BBL,NTA,Neighborhood,Building Classification,Total Units,Year Built,Gross SqFt,Estimated Gross Income,Gross Income per SqFt,Estimated Expense,MANHATTAN â CONDOMINIUMS COMPARABLE PROPERTIES â Expense per SqFt,MANHATTAN â CONDOMINIUMS COMPARABLE PROPERTIES â Net Operating Income,MANHATTAN â CONDOMINIUMS COMPARABLE PROPERTIES â Full Market Value,MANHATTAN â CONDOMINIUMS COMPARABLE PROPERTIES â Market Value per SqFt,COMPARABLE RENTAL â 1 â Boro-Block-Lot,Address,Neighborhood,Building Classification,Total Units,Year Built,Gross SqFt,Estimated Gross Income,Gross Income per SqFt,Estimated Expense,COMPARABLE RENTAL â 1 â Expense per SqFt,COMPARABLE RENTAL â 1 â Net Operating Income,COMPARABLE RENTAL â 1 â Full Market Value,COMPARABLE RENTAL â 1 â Market Value per SqFt,COMPARABLE RENTAL â 1 â Distance from Condo in miles,COMPARABLE RENTAL â 2 â Boro-Block-Lot,COMPARABLE RENTAL â 2 â Address,COMPARABLE RENTAL â 2 â Neighborhood,COMPARABLE RENTAL â 2 â Building Classification,COMPARABLE RENTAL â 2 â Total Units,COMPARABLE RENTAL â 2 â Year Built,COMPARABLE RENTAL â 2 â Gross SqFt,COMPARABLE RENTAL â 2 â Estimated Gross Income,COMPARABLE RENTAL â 2 â Gross Income per SqFt,COMPARABLE RENTAL â 2 â Estimated Expense,COMPARABLE RENTAL â 2 â Expense per SqFt,Net Operating Income,Full Market Value,Market Value per SqFt,COMPARABLE RENTAL â 2 â Distance from Condo in miles,COMPARABLE RENTAL â 3 â Boro-Block-Lot,COMPARABLE RENTAL â 3 â Address,COMPARABLE RENTAL â 3 â Neighborhood,COMPARABLE RENTAL â 3 â Building Classification,COMPARABLE RENTAL â 3 â Total Units,COMPARABLE RENTAL â 3 â Year Built,COMPARABLE RENTAL â 3 â Gross SqFt,COMPARABLE RENTAL â 3 â Estimated Gross Income,COMPARABLE RENTAL â 3 â Gross Income per SqFt,COMPARABLE RENTAL â 3 â Estimated Expense,COMPARABLE RENTAL â 3 â Expense per SqFt,COMPARABLE RENTAL â 3 â Net Operating Income,COMPARABLE RENTAL â 3 â Full Market Value,COMPARABLE RENTAL â 3 â Market Value per SqFt,COMPARABLE RENTAL â 3 â Distance from Condo in miles
1-01206-7501,1257-R1,327 CENTRAL PARK WEST,1,10025,40.789792,-73.966491,7,6,177,1031638,1012067501,Upper West Side                                                            ,UPPER WEST SIDE (79-96),R4-CONDOMINIUM,85,1929,130259,4536921,34.83,1359904,10.44,3177017,23513999,180.52,1-01203-0031,293 CENTRAL PARK WEST,UPPER WEST SIDE (79-96),D9-ELEVATOR,35,1925,21960,775354,35.31,250357,11.4,524997,3882000,176.78,0.15,1-01221-0029,620 COLUMBUS AVENUE,UPPER WEST SIDE (79-96),D7-ELEVATOR,238,1986,239598,8230191,34.35,2882364,12.03,5347827,39619000,165.36,0.2,, , , , , , , , , , , , , , 
1-01209-7501,0839-R1,353 CENTRAL PARK WEST,1,10025,40.791213,-73.965024,7,6,181,1031724,1012097501,Upper West Side                                                            ,UPPER WEST SIDE (79-96),R4-CONDOMINIUM,18,1991,53656,2366766,44.11,698065,13.01,1668701,10238023,190.81,1-01868-0020,2560 BROADWAY,UPPER WEST SIDE (96-116),D7-ELEVATOR,33,1925,53305,2351194,44.11,693446,13.01,1657748,12483000,234.18,0.3,1-01243-0042,2552 BROADWAY,UPPER WEST SIDE (79-96),D7-ELEVATOR,52,1921,43340,2819883,65.06,831441,19.18,1988442,14719000,339.62,0.29,1-01868-0044,2568 BROADWAY,UPPER WEST SIDE (96-116),D7-ELEVATOR,31,1910,"57,300","2,252,918",39.32,"802,569",14.01,"1,450,349","10,968,000",191.41,0.3
1-01223-7501,0357-R1,661 AMSTERDAM AVENUE,1,10025,40.791638,-73.97212,7,6,177,1032532,1012237501,Upper West Side                                                            ,UPPER WEST SIDE (79-96),R9-CONDOMINIUM,93,1930,100964,3131903,31.02,1167144,11.56,1964759,14676000,145.36,1-01217-0025,115 WEST 86 STREET,UPPER WEST SIDE (79-96),D3-ELEVATOR,81,1931,83837,2824749,33.69,1069842,12.76,1754907,13028000,155.4,0.3,1-01216-0060,168 WEST 86 STREET,UPPER WEST SIDE (79-96),D3-ELEVATOR,50,1923,100042,2835051,28.34,895398,8.95,1939653,13951000,139.45,0.36,, , , , , , , , , , , , , , 
1-01223-7502,0550-R1,124 WEST 93 STREET,1,10025,40.791341,-73.969928,7,6,177,1070916,1012237502,Upper West Side                                                            ,UPPER WEST SIDE (79-96),R4-CONDOMINIUM,53,1925,62389,2079425,33.33,709363,11.37,1370062,10178999,163.15,1-01239-0044,2476 BROADWAY,UPPER WEST SIDE (79-96),D7-ELEVATOR,64,1920,67954,1862613,27.41,656625,9.66,1205988,8697000,127.98,0.13,1-01241-0046,2512 BROADWAY,UPPER WEST SIDE (79-96),D7-ELEVATOR,68,1900,62280,2443712,39.24,814704,13.08,1629008,12319000,197.8,0.13,, , , , , , , , , , , , , , 
1-01223-7503,1645-R1,100 WEST 93 STREET,1,10025,40.790951,-73.969,7,6,177,1032526,1012237503,Upper West Side                                                            ,UPPER WEST SIDE (79-96),R4-CONDOMINIUM,279,1973,246842,4800000,19.45,1372800,5.56,3427200,24552007,99.46,1-01221-0001,621 AMSTERDAM AVENUE,UPPER WEST SIDE (79-96),D9-ELEVATOR,190,1974,233880,6092012,26.05,2488161,10.64,3603851,26094000,111.57,0.1,1-01226-0029,720 COLUMBUS AVENUE,UPPER WEST SIDE (79-96),D6-ELEVATOR,171,1986,232831,7452920,32.01,2831225,12.16,4621695,34452000,147.97,0.15,, , , , , , , , , , , , , , 
1-01223-7504,1984-R1,134 WEST 93 STREET,1,10025,40.791448,-73.970181,7,6,177,1032528,1012237504,Upper West Side                                                            ,UPPER WEST SIDE (79-96),R4-CONDOMINIUM,53,1925,55008,1542424,28.04,476919,8.67,1065505,7672003,139.47,1-01239-0044,2476 BROADWAY,UPPER WEST SIDE (79-96),D7-ELEVATOR,64,1920,67954,1862613,27.41,656625,9.66,1205988,8697000,127.98,0.13,1-01241-0046,2512 BROADWAY,UPPER WEST SIDE (79-96),D7-ELEVATOR,68,1900,62280,2443712,39.24,814704,13.08,1629008,12319000,197.8,0.13,, , , , , , , , , , , , , , 
1-01239-7502,1089-R1,650 WEST END AVENUE,1,10025,40.792508,-73.975204,7,6,179,1033604,1012397502,Upper West Side                                                            ,UPPER WEST SIDE (79-96),R4-CONDOMINIUM,47,1916,92402,3079759,33.33,1050611,11.37,2029148,15075004,163.15,1-01239-0044,2476 BROADWAY,UPPER WEST SIDE (79-96),D7-ELEVATOR,64,1920,67954,1862613,27.41,656625,9.66,1205988,8697000,127.98,0.09,1-01241-0046,2512 BROADWAY,UPPER WEST SIDE (79-96),D7-ELEVATOR,68,1900,62280,2443712,39.24,814704,13.08,1629008,12319000,197.8,0.13,, , , , , , , , , , , , , , 
1-01240-7501,0387-R1,255 WEST 92 STREET,1,10025,40.792344,-73.974214,7,6,179,1033623,1012407501,Upper West Side                                                            ,UPPER WEST SIDE (79-96),R4-CONDOMINIUM,15,1900,15815,500070,31.62,129367,8.18,370703,2766001,174.9,1-01241-0038,204 WEST 94 STREET,UPPER WEST SIDE (79-96),D1-ELEVATOR,30,1910,17760,472756,26.62,175787,9.9,296969,2147000,120.89,0.1,1-01253-0016,311 WEST 94 STREET,UPPER WEST SIDE (79-96),D1-ELEVATOR,24,1930,22290,704879,31.62,182236,8.18,522643,1991000,89.32,0.14,1-01868-0040,226 WEST 97 STREET,UPPER WEST SIDE (96-116),D3-ELEVATOR,35,1920,"22,275","876,134",39.33,"332,649",14.93,"543,485","1,695,000",76.09,0.22
1-01240-7502,1727-R1,220 WEST 93 STREET,1,10025,40.792475,-73.972622,7,6,179,1033616,1012407502,Upper West Side                                                            ,UPPER WEST SIDE (79-96),R4-CONDOMINIUM,58,1926,116997,3206888,27.41,1130191,9.66,2076697,14975998,128,1-01240-0010,2481 BROADWAY,UPPER WEST SIDE (79-96),D7-ELEVATOR,91,1925,132975,3375132,25.38,984768,7.41,2390364,17334000,130.36,0.09,1-01239-0044,2476 BROADWAY,UPPER WEST SIDE (79-96),D7-ELEVATOR,64,1920,67954,1862613,27.41,656625,9.66,1205988,8697000,127.98,0.05,1-01241-0046,2512 BROADWAY,UPPER WEST SIDE (79-96),D7-ELEVATOR,68,1900,"62,280","2,443,712",39.24,"814,704",13.08,"1,629,008","12,319,000",197.8,0.05
1-01241-7501,0200-R1,257 WEST 93 STREET,1,10025,40.793013,-73.973853,7,6,179,1033657,1012417501,Upper West Side                                                            ,UPPER WEST SIDE (79-96),R4-CONDOMINIUM,15,1930,16506,521920,31.62,135019,8.18,386901,2885999,174.85,1-01253-0035,310 WEST 95 STREET,UPPER WEST SIDE (79-96),D3-ELEVATOR,45,1925,37674,1494965,39.68,357492,9.49,1137473,8599000,228.25,0.11,1-01253-0016,311 WEST 94 STREET,UPPER WEST SIDE (79-96),D1-ELEVATOR,24,1930,22290,704879,31.62,182236,8.18,522643,1991000,89.32,0.11,1-01869-0059,254 WEST 98 STREET,UPPER WEST SIDE (96-116),D1-ELEVATOR,35,1920,"23,968","740,973",30.92,"167,220",6.98,"573,753","4,287,000",178.86,0.21
1-01243-7501,0415-R1,215 WEST 95 STREET,1,10025,40.79363,-73.971429,7,6,183,1071159,1012437501,Upper West Side                                                            ,UPPER WEST SIDE (79-96),R4-CONDOMINIUM,212,1986,145085,5240470,36.12,1723610,11.88,3516860,25941002,178.8,1-01240-0052,2495 BROADWAY,UPPER WEST SIDE (79-96),D6-ELEVATOR,146,2005,129000,6215220,48.18,1486080,11.52,4729140,35480000,275.04,0.17,1-01226-0029,720 COLUMBUS AVENUE,UPPER WEST SIDE (79-96),D6-ELEVATOR,171,1986,232831,7452920,32.01,2831225,12.16,4621695,34452000,147.97,0.12,, , , , , , , , , , , , , , 
1-01252-7501,0149-R1,314 WEST 94 STREET,1,10025,40.794163,-73.974687,7,6,179,1034144,1012527501,Upper West Side                                                            ,UPPER WEST SIDE (79-96),R4-CONDOMINIUM,32,1920,32750,1113173,33.99,361560,11.04,751613,5577004,170.29,1-01253-0035,310 WEST 95 STREET,UPPER WEST SIDE (79-96),D3-ELEVATOR,45,1925,37674,1494965,39.68,357492,9.49,1137473,8599000,228.25,0.05,1-01253-0064,311 WEST 95 STREET,UPPER WEST SIDE (79-96),D1-ELEVATOR,32,1931,31360,969857,30.93,238353,7.6,731504,5465000,174.27,0.09,, , , , , , , , , , , , , , 
1-01253-7501,0533-R1,317 WEST 95 STREET,1,10025,40.794839,-73.974285,7,6,183,1071383,1012537501,Upper West Side                                                            ,UPPER WEST SIDE (79-96),R4-CONDOMINIUM,30,1902,32905,1118441,33.99,363271,11.04,755170,4202008,127.7,1-01253-0035,310 WEST 95 STREET,UPPER WEST SIDE (79-96),D3-ELEVATOR,45,1925,37674,1494965,39.68,357492,9.49,1137473,8599000,228.25,0.05,1-01253-0064,311 WEST 95 STREET,UPPER WEST SIDE (79-96),D1-ELEVATOR,32,1931,31360,969857,30.93,238353,7.6,731504,5465000,174.27,0,, , , , , , , , , , , , , , 
1-01253-7502,0647-R1,222 RIVERSIDE DRIVE,1,10025,40.795056,-73.976228,7,6,183,1076254,1012537502,Upper West Side                                                            ,UPPER WEST SIDE (79-96),R4-CONDOMINIUM,104,1989,167752,7035519,41.94,1680875,10.02,5354644,40411999,240.9,1-01220-0029,60218 COLUMBUS AVENUE,UPPER WEST SIDE (79-96),D6-ELEVATOR,170,1986,175436,9678460,55.17,1954109,11.14,7724351,57619000,328.43,0.4,1-01869-0044,2586 BROADWAY,UPPER WEST SIDE (96-116),D6-ELEVATOR,138,1911,170928,4907343,28.71,1914394,11.2,2992949,22478000,131.51,0.25,, , , , , , , , , , , , , , 
1-01253-7503,1608-R1,230 RIVERSIDE DRIVE,1,10025,40.795594,-73.975784,7,6,183,1034187,1012537503,Upper West Side                                                            ,UPPER WEST SIDE (79-96),R4-CONDOMINIUM,261,1931,208241,6765750,32.49,1884581,9.05,4881169,29039006,139.45,1-01201-0034,275 CENTRAL PARK WEST,UPPER WEST SIDE (79-96),D3-ELEVATOR,114,1931,248962,7848186,31.52,2818828,11.32,5029358,37530000,150.75,0.62,1-01218-0001,567 AMSTERDAM AVENUE,UPPER WEST SIDE (79-96),D7-ELEVATOR,272,1975,288418,9652067,33.47,3404820,11.81,6247247,46400000,160.88,0.51,, , , , , , , , , , , , , , 
1-01832-7501,0236-R1,26 WEST 97 STREET,1,10025,40.792728,-73.965091,7,7,181,1055266,1018327501,Upper West Side                                                            ,MANHATTAN VALLEY,R4-CONDOMINIUM,20,1900,13885,389335,28.04,171202,12.33,218133,1570001,113.07,1-01235-0009,265 WEST 87 STREET,UPPER WEST SIDE (79-96),D9-ELEVATOR,29,1950,19931,736991,36.98,186865,9.38,550126,2376000,119.21,0.6,1-01513-0068,104 EAST 85 STREET,UPPER EAST SIDE (79-96),D9-ELEVATOR,20,1916,9745,271215,27.83,88369,9.07,182846,1317000,135.15,1.06,1-01944-0036,2177 FRED DOUGLASS BOULEV,HARLEM-CENTRAL,D9-ELEVATOR,80,1989,"54,779","1,535,924",28.04,"675,153",12.33,"860,771","3,795,000",69.28,1.06
1-01833-7501,0433-R1,382 CENTRAL PARK WEST,1,10025,40.79348,-73.965673,7,7,185,1074358,1018337501,Upper West Side                                                            ,MANHATTAN VALLEY,R4-CONDOMINIUM,414,1961,390628,8902412,22.79,3671903,9.4,5230509,22549629,57.73,1-01832-0016,27 WEST 96 STREET,MANHATTAN VALLEY,D3-ELEVATOR,92,1927,133915,3051647,22.79,1259210,9.4,1792437,13094000,97.78,0.1,1-01868-0061,752 WEST END AVENUE,UPPER WEST SIDE (96-116),D3-ELEVATOR,210,1931,198248,4555542,22.98,1691988,8.53,2863554,20570000,103.76,0.4,, , , , , , , , , , , , , , 
1-01833-7502,0435-R1,372 CENTRAL PARK WEST,1,10025,40.792841,-73.964709,7,7,185,1074772,1018337502,Upper West Side                                                            ,MANHATTAN VALLEY,R4-CONDOMINIUM,413,1961,390628,10472737,26.81,3289088,8.42,7183649,22549639,57.73,1-01832-0016,27 WEST 96 STREET,MANHATTAN VALLEY,D3-ELEVATOR,92,1927,133915,3051647,22.79,1259210,9.4,1792437,13094000,97.78,0.1,1-01209-0033,360 CENTRAL PARK WEST,UPPER WEST SIDE (79-96),D6-ELEVATOR,142,1929,186523,3897277,20.89,1627254,8.72,2270023,16668000,89.36,0.16,1-01832-0013,35 WEST 96 STREET,MANHATTAN VALLEY,D3-ELEVATOR,128,1907,"36,264","1,205,218",33.23,"228,669",6.31,"976,549","7,256,000",200.09,0.1
1-01833-7503,0750-R1,392 CENTRAL PARK WEST,1,10025,40.793628,-73.963267,7,7,185,1055287,1018337503,Upper West Side                                                            ,MANHATTAN VALLEY,R4-CONDOMINIUM,414,1960,390628,10472737,26.81,3289088,8.42,7183649,22549605,57.73,1-01832-0016,27 WEST 96 STREET,MANHATTAN VALLEY,D3-ELEVATOR,92,1927,133915,3051647,22.79,1259210,9.4,1792437,13094000,97.78,0.1,1-01209-0033,360 CENTRAL PARK WEST,UPPER WEST SIDE (79-96),D6-ELEVATOR,142,1929,186523,3897277,20.89,1627254,8.72,2270023,16668000,89.36,0.16,1-01832-0013,35 WEST 96 STREET,MANHATTAN VALLEY,D3-ELEVATOR,128,1907,"36,264","1,205,218",33.23,"228,669",6.31,"976,549","7,256,000",200.09,0.1
1-01833-7504,0753-R1,400 CENTRAL PARK WEST,1,10025,40.7932,-73.963585,7,7,185,1055288,1018337504,Upper West Side                                                            ,MANHATTAN VALLEY,R4-CONDOMINIUM,414,1960,390628,10472737,26.81,3289088,8.42,7183649,22549620,57.73,1-01832-0016,27 WEST 96 STREET,MANHATTAN VALLEY,D3-ELEVATOR,92,1927,133915,3051647,22.79,1259210,9.4,1792437,13094000,97.78,0.1,1-01209-0033,360 CENTRAL PARK WEST,UPPER WEST SIDE (79-96),D6-ELEVATOR,142,1929,186523,3897277,20.89,1627254,8.72,2270023,16668000,89.36,0.16,1-01832-0013,35 WEST 96 STREET,MANHATTAN VALLEY,D3-ELEVATOR,128,1907,"36,264","1,205,218",33.23,"228,669",6.31,"976,549","7,256,000",200.09,0.1
1-01833-7505,2180-R1,775 COLUMBUS AVENUE,1,10025,40.794049,-73.966644,7,7,185,1088481,1018337505,Upper West Side                                                            ,MANHATTAN VALLEY,RR-CONDOMINIUM,56,2007,53985,1728060,32.01,512858,9.5,1215202,9049000,167.62,1-01832-0013,35 WEST 96 STREET,MANHATTAN VALLEY,D3-ELEVATOR,128,1907,36264,1205218,33.23,228669,6.31,976549,7256000,200.09,0.1,1-01226-0029,720 COLUMBUS AVENUE,UPPER WEST SIDE (79-96),D6-ELEVATOR,171,1986,232831,7452920,32.01,2831225,12.16,4621695,34452000,147.97,0.23,, , , , , , , , , , , , , , 
1-01833-7506,2181-R1,795 COLUMBUS AVENUE,1,10025,40.794559,-73.966272,7,7,185,1088631,1018337506,Upper West Side                                                            ,MANHATTAN VALLEY,RR-CONDOMINIUM,132,2007,127758,4071647,31.87,1082110,8.47,2989537,38681000,302.77,1-01887-0003,323 WEST 96 STREET,UPPER WEST SIDE (96-116),D1-ELEVATOR,172,2001,210000,6693604,31.87,1969647,9.38,4723957,35224000,167.73,0.48,1-01226-0029,720 COLUMBUS AVENUE,UPPER WEST SIDE (79-96),D6-ELEVATOR,171,1986,232831,7452920,32.01,2831225,12.16,4621695,34452000,147.97,0.23,, , , , , , , , , , , , , , 
1-01837-7501,0281-R1,418 CENTRAL PARK WEST,1,10025,40.79539,-73.96198,7,7,189,1055310,1018377501,Upper West Side                                                            ,MANHATTAN VALLEY,R4-CONDOMINIUM,88,1902,88060,2345038,26.63,891167,10.12,1453871,10511993,119.37,1-01839-0018,78 MANHATTAN AVENUE,MANHATTAN VALLEY,D3-ELEVATOR,58,1920,34535,919760,26.63,349631,10.12,570129,4122000,119.36,0.1,1-01841-0001,921 COLUMBUS AVENUE,MANHATTAN VALLEY,D6-ELEVATOR,34,1927,24900,789432,31.7,311708,12.52,477724,3564000,143.13,0.22,1-01842-0029,463 CENTRAL PARK WEST,MANHATTAN VALLEY,D1-ELEVATOR,66,1956,"71,216","1,517,717",21.31,"519,338",7.29,"998,379","7,324,000",102.84,0.26
1-01838-7501,0253-R1,420 CENTRAL PARK WEST,1,10025,40.795579,-73.961843,7,7,189,1055411,1018387501,Upper West Side                                                            ,MANHATTAN VALLEY,R4-CONDOMINIUM,60,1941,47400,1262262,26.63,479688,10.12,782574,3893996,82.15,1-01839-0018,78 MANHATTAN AVENUE,MANHATTAN VALLEY,D3-ELEVATOR,58,1920,34535,919760,26.63,349631,10.12,570129,4122000,119.36,0.05,1-01841-0001,921 COLUMBUS AVENUE,MANHATTAN VALLEY,D6-ELEVATOR,34,1927,24900,789432,31.7,311708,12.52,477724,3564000,143.13,0.17,1-01842-0053,60 WEST 107 STREET,MANHATTAN VALLEY,D1-ELEVATOR,25,1940,"25,144","574,705",22.86,"179,318",7.13,"395,387","1,573,000",62.56,0.22
1-01838-7502,1780-R1,425 CENTRAL PARK WEST,1,10025,40.795873,-73.961626,7,7,189,1055401,1018387502,Upper West Side                                                            ,MANHATTAN VALLEY,R4-CONDOMINIUM,61,1941,48500,1671795,34.47,577635,11.91,1094160,5445011,112.27,1-01944-0036,2177 FRED DOUGLASS BOULEV,HARLEM-CENTRAL,D9-ELEVATOR,80,1989,54779,1535924,28.04,675153,12.33,860771,3795000,69.28,0.76,1-01235-0009,265 WEST 87 STREET,UPPER WEST SIDE (79-96),D9-ELEVATOR,29,1950,19931,736991,36.98,186865,9.38,550126,2376000,119.21,0.87,1-01519-0011,121 EAST 90 STREET,UPPER EAST SIDE (79-96),D9-ELEVATOR,20,1923,"9,530","328,484",34.47,"102,145",10.72,"226,339","1,676,000",175.87,1.02
1-01840-7501,0265-R1,110 MANHATTAN AVENUE,1,10025,40.797786,-73.962113,7,7,189,1084017,1018407501,Upper West Side                                                            ,MANHATTAN VALLEY,R2-CONDOMINIUM,77,1986,87732,2477552,28.24,805380,9.18,1672172,12030999,137.13,1-01839-0041,12 WEST 104 STREET,MANHATTAN VALLEY,C4-WALK-UP,15,1920,10085,325691,32.29,127390,12.63,198301,1476000,146.36,0.05,1-01839-0022,15 WEST 103 STREET,MANHATTAN VALLEY,C1-WALK-UP,20,1915,10645,262121,24.62,97688,9.18,164433,1195000,112.26,0.05,, , , , , , , , , , , , , , 
1-01841-7503,1387-R1,455 CENTRAL PARK WEST,1,10025,40.797939,-73.960115,7,7,189,1081578,1018417503,Upper West Side                                                            ,MANHATTAN VALLEY,R4-CONDOMINIUM,98,2002,220057,6689733,30.4,2715503,12.34,3974230,29722998,135.07,1-01841-0001,921 COLUMBUS AVENUE,MANHATTAN VALLEY,D6-ELEVATOR,34,1927,24900,789432,31.7,311708,12.52,477724,3564000,143.13,0.08,1-01843-0051,169 MANHATTAN AVENUE,MANHATTAN VALLEY,D1-ELEVATOR,24,1940,19368,563400,29.09,235352,12.15,328048,2462000,127.12,0.14,, , , , , , , , , , , , , , 
1-01842-7501,0395-R1,467 CENTRAL PARK WEST,1,10025,40.79854,-73.959678,7,7,193,1075198,1018427501,Morningside Heights                                                        ,MANHATTAN VALLEY,R4-CONDOMINIUM,99,1929,115824,2707965,23.38,826983,7.14,1880982,8095998,69.9,1-01842-0029,463 CENTRAL PARK WEST,MANHATTAN VALLEY,D1-ELEVATOR,66,1956,71216,1517717,21.31,519338,7.29,998379,7324000,102.84,0,1-01844-0020,200 MANHATTAN AVENUE,MANHATTAN VALLEY,C1-WALK-UP,105,1890,112493,2629613,23.38,803033,7.14,1826580,8235000,73.2,0.1,1-01843-0055,62 WEST 108 STREET,MANHATTAN VALLEY,D1-ELEVATOR,45,1939,"32,388","777,269",24,"266,194",8.22,"511,075","3,720,000",114.86,0.1
1-01842-7502,0786-R1,69 WEST 106 STREET,1,10025,40.798952,-73.962166,7,7,193,1055674,1018427502,Morningside Heights                                                        ,MANHATTAN VALLEY,R2-CONDOMINIUM,11,1900,9215,264286,28.68,102471,11.12,161815,1214999,131.85,1-01841-0160,70 WEST 106 STREET,MANHATTAN VALLEY,C7-WALK-UP,16,1900,8090,274700,33.96,99507,12.3,175193,1005000,124.23,0.1,1-01842-0002,943 COLUMBUS AVENUE,MANHATTAN VALLEY,C7-WALK-UP,20,1900,7540,251372,33.34,92685,12.29,158687,1179000,156.37,0.08,1-01841-0054,54 WEST 106 STREET,MANHATTAN VALLEY,C4-WALK-UP,20,1900,"9,980","236,526",23.7,"65,469",6.56,"171,057","1,247,000",124.95,0.1
1-01843-7501,1968-R1,67 WEST 107 STREET,1,10025,40.799622,-73.96166,7,7,193,1055680,1018437501,Morningside Heights                                                        ,MANHATTAN VALLEY,R2-CONDOMINIUM,56,1929,38255,943751,24.67,405503,10.6,538248,3912001,102.26,1-01843-0062,973 COLUMBUS AVENUE,MANHATTAN VALLEY,C7-WALK-UP,22,1910,10583,256872,24.27,112259,10.61,144613,1052000,99.4,0,1-01843-0034,475 CENTRAL PARK WEST,MANHATTAN VALLEY,C5-WALK-UP,56,1913,26645,667817,25.06,282081,10.59,385736,2801000,105.12,0.08,, , , , , , , , , , , , , , 
1-01845-7502,1468-R2,352 CATHEDRAL PARKWAY,1,10025,40.801263,-73.959907,7,7,193,1055748,1018457502,Morningside Heights                                                        ,MANHATTAN VALLEY,R4-CONDOMINIUM,25,2005,50523,1469714,29.09,613854,12.15,855860,6423000,127.13,1-01864-0023,107 WEST 109 STREET,UPPER WEST SIDE (96-116),D1-ELEVATOR,49,1930,31026,1094597,35.28,383171,12.35,711426,5261000,169.57,0.13,1-01843-0051,169 MANHATTAN AVENUE,MANHATTAN VALLEY,D1-ELEVATOR,24,1940,19368,563400,29.09,235352,12.15,328048,2462000,127.12,0.1,1-01843-0055,62 WEST 108 STREET,MANHATTAN VALLEY,D1-ELEVATOR,45,1939,"32,388","777,269",24,"266,194",8.22,"511,075","3,720,000",114.86,0.1
1-01851-7501,2207-R1,750 COLUMBUS AVENUE,1,10025,40.793278,-73.967233,7,7,181,1079308,1018517501,Upper West Side                                                            ,UPPER WEST SIDE (96-116),RR-CONDOMINIUM,207,1988,276305,8764395,31.72,2591741,9.38,6172654,44188000,159.92,1-01887-0003,323 WEST 96 STREET,UPPER WEST SIDE (96-116),D1-ELEVATOR,172,2001,210000,6693604,31.87,1969647,9.38,4723957,35224000,167.73,0.3,1-01201-0034,275 CENTRAL PARK WEST,UPPER WEST SIDE (79-96),D3-ELEVATOR,114,1931,248962,7848186,31.52,2818828,11.32,5029358,37530000,150.75,0.49,, , , , , , , , , , , , , , 
1-01852-7501,2136-R1,808 COLUMBUS AVENUE,1,10025,40.794568,-73.96629,7,7,185,1088432,1018527501,Upper West Side                                                            ,UPPER WEST SIDE (96-116),R4-CONDOMINIUM,359,2008,362220,11355597,31.35,3531645,9.75,7823952,58633000,161.87,1-01887-0003,323 WEST 96 STREET,UPPER WEST SIDE (96-116),D1-ELEVATOR,172,2001,210000,6693604,31.87,1969647,9.38,4723957,35224000,167.73,0.32,1-01226-0029,720 COLUMBUS AVENUE,UPPER WEST SIDE (79-96),D6-ELEVATOR,171,1986,232831,7452920,32.01,2831225,12.16,4621695,34452000,147.97,0.16,, , , , , , , , , , , , , , 
1-01852-7502,2137-R1,801 AMSTERDAM AVENUE,1,10025,40.796199,-73.968788,7,7,185,1088438,1018527502,Upper West Side                                                            ,UPPER WEST SIDE (96-116),RR-CONDOMINIUM,100,2008,77882,3600000,46.22,935000,12.01,2665000,24702404,317.18,1-01603-0001,1160 5 AVENUE,UPPER EAST SIDE (96-110),D7-ELEVATOR,82,1925,90349,4905454,54.29,1234785,13.67,3670669,27399000,303.26,0.84,1-01624-0045,1501 LEXINGTON AVENUE,HARLEM-EAST,D6-ELEVATOR,161,2001,133370,5334285,40,1688835,12.66,3645450,27552000,206.58,1.13,, , , , , , , , , , , , , , 
1-01859-7501,1027-R1,123 WEST 104 STREET,1,10025,40.79844,-73.965038,7,7,189,1081580,1018597501,Upper West Side                                                            ,UPPER WEST SIDE (96-116),RR-CONDOMINIUM,56,1990,39543,1108786,28.04,487565,12.33,621221,4472000,113.09,1-01517-0025,155 EAST 88 STREET,UPPER EAST SIDE (79-96),D3-ELEVATOR,50,1976,29000,952855,32.86,303416,10.46,649439,4697000,161.97,1.38,1-01944-0036,2177 FRED DOUGLASS BOULEV,HARLEM-CENTRAL,D9-ELEVATOR,80,1989,54779,1535924,28.04,675153,12.33,860771,3795000,69.28,0.69,1-01767-0052,154 EAST 119 STREET,HARLEM-CENTRAL,D9-ELEVATOR,48,1915,"46,518","801,963",17.24,"441,238",9.49,"360,725","1,738,000",37.36,1.33
1-01862-7501,1914-R1,171 WEST 107 STREET,1,10025,40.800701,-73.964217,7,7,193,1055986,1018627501,Morningside Heights                                                        ,UPPER WEST SIDE (96-116),RR-CONDOMINIUM,25,1920,35792,204503,5.71,102250,2.86,102253,454300,12.69,1-01844-0005,71 WEST 108 STREET,MANHATTAN VALLEY,C4-WALK-UP,18,1900,18465,326398,17.68,168229,9.11,158169,1141000,61.79,0.14,1-01820-0058,150 WEST 111 STREET,HARLEM-CENTRAL,D1-ELEVATOR,18,2006,17820,301467,16.92,139528,7.83,161939,1171000,65.71,0.53,1-01994-0081,549 RIVERSIDE DRIVE,MORNINGSIDE HEIGHTS,D7-ELEVATOR,61,1925,"50,886","940,288",18.48,"420,967",8.27,"519,321","3,735,000",73.4,0.92
1-01868-7501,0093-R1,275 WEST 96 STREET,1,10025,40.795017,-73.972624,7,6,183,1056068,1018687501,Upper West Side                                                            ,UPPER WEST SIDE (96-116),R4-CONDOMINIUM,302,1983,358000,11982260,33.47,4227980,11.81,7754280,46419746,129.66,1-01235-0042,2380 BROADWAY,UPPER WEST SIDE (79-96),D6-ELEVATOR,162,1984,252000,14006444,55.58,3214726,12.76,10791718,80475000,319.35,0.46,1-01218-0001,567 AMSTERDAM AVENUE,UPPER WEST SIDE (79-96),D7-ELEVATOR,272,1975,288418,9652067,33.47,3404820,11.81,6247247,46400000,160.88,0.5,, , , , , , , , , , , , , , 
1-01869-7501,0516-R1,2576 BROADWAY,1,10025,40.795417,-73.971208,7,7,183,1075313,1018697501,Upper West Side                                                            ,UPPER WEST SIDE (96-116),R4-CONDOMINIUM,56,1901,80242,2300000,28.66,870000,10.84,1430000,10745000,133.91,1-01864-0036,400 CATHEDRAL PARKWAY,UPPER WEST SIDE (96-116),D7-ELEVATOR,143,1908,117276,3638864,31.03,1273240,10.86,2365624,8173000,69.69,0.62,1-01888-0015,781 WEST END AVENUE,UPPER WEST SIDE (96-116),D3-ELEVATOR,82,1927,91615,1972242,21.53,750492,8.19,1221750,8958000,97.78,0.18,, , , , , , , , , , , , , , 
1-01869-7502,0708-R1,780 WEST END AVENUE,1,10025,40.796348,-73.972002,7,6,183,1056386,1018697502,Upper West Side                                                            ,UPPER WEST SIDE (96-116),R4-CONDOMINIUM,61,1914,97950,2500000,25.52,900000,9.19,1600000,11653997,118.98,1-01864-0036,400 CATHEDRAL PARKWAY,UPPER WEST SIDE (96-116),D7-ELEVATOR,143,1908,117276,3638864,31.03,1273240,10.86,2365624,8173000,69.69,0.64,1-01888-0015,781 WEST END AVENUE,UPPER WEST SIDE (96-116),D3-ELEVATOR,82,1927,91615,1972242,21.53,750492,8.19,1221750,8958000,97.78,0.1,, , , , , , , , , , , , , , 
1-01869-7503,1855-R1,240 WEST 98 STREET,1,10025,40.796136,-73.971269,7,6,183,1056384,1018697503,Upper West Side                                                            ,UPPER WEST SIDE (96-116),R4-CONDOMINIUM,166,1923,267321,6910248,25.85,2331039,8.72,4579209,33171002,124.09,1-01869-0044,2586 BROADWAY,UPPER WEST SIDE (96-116),D6-ELEVATOR,138,1911,170928,4907343,28.71,1914394,11.2,2992949,22478000,131.51,0.09,1-01868-0061,752 WEST END AVENUE,UPPER WEST SIDE (96-116),D3-ELEVATOR,210,1931,198248,4555542,22.98,1691988,8.53,2863554,20570000,103.76,0.05,, , , , , , , , , , , , , , 
1-01870-7501,0353-R1,243 WEST 98 STREET,1,10025,40.79618,-73.971331,7,6,187,1056414,1018707501,Upper West Side                                                            ,UPPER WEST SIDE (96-116),R4-CONDOMINIUM,31,1920,49780,1576035,31.66,617770,12.41,958265,7148998,143.61,1-01519-0040,172 EAST 91 STREET,UPPER EAST SIDE (79-96),D7-ELEVATOR,44,1900,35200,1114403,31.66,398373,11.32,716030,5342000,151.76,1.4,1-01453-0035,334 EAST 79 STREET,UPPER EAST SIDE (59-79),D9-ELEVATOR,46,1920,27124,998731,36.82,270162,9.96,728569,5365000,197.8,1.88,1-01467-0018,425 EAST 72 STREET,UPPER EAST SIDE (59-79),D9-ELEVATOR,49,1938,"57,375","1,195,707",20.84,"223,277",3.89,"972,430","6,570,000",114.51,2.17
1-01870-7502,0438-R1,2600 BROADWAY,1,10025,40.796048,-73.970749,7,7,187,1082691,1018707502,Upper West Side                                                            ,UPPER WEST SIDE (96-116),R9-CONDOMINIUM,79,1911,163616,3486657,21.31,1120770,6.85,2365887,17355000,106.07,1-01869-0044,2586 BROADWAY,UPPER WEST SIDE (96-116),D6-ELEVATOR,138,1911,170928,4907343,28.71,1914394,11.2,2992949,22478000,131.51,0.1,1-01874-0052,2689 BROADWAY,UPPER WEST SIDE (96-116),D9-ELEVATOR,140,1910,168140,3061009,18.21,877587,5.22,2183422,15714000,93.46,0.2,1-01871-0001,808 WEST END AVENUE,UPPER WEST SIDE (96-116),D3-ELEVATOR,132,1920,"107,120","2,282,727",21.31,"1,049,776",9.8,"1,232,951","9,045,000",84.44,0.05
1-01870-7503,1161-R1,251 WEST 98 STREET,1,10025,40.796224,-73.971432,7,6,187,1056395,1018707503,Upper West Side                                                            ,UPPER WEST SIDE (96-116),R4-CONDOMINIUM,32,1912,32752,1170229,35.73,348809,10.65,821420,6068000,185.27,1-01520-0065,118 EAST 92 STREET,UPPER EAST SIDE (79-96),D1-ELEVATOR,26,1910,12012,520321,43.32,98127,8.17,422194,3181000,264.82,1.3,1-01519-0040,172 EAST 91 STREET,UPPER EAST SIDE (79-96),D7-ELEVATOR,44,1900,35200,1114403,31.66,398373,11.32,716030,5342000,151.76,1.4,, , , , , , , , , , , , , , 
1-01871-7501,1753-R1,245 WEST 99 STREET,1,10025,40.796754,-73.970727,7,6,187,1087548,1018717501,Upper West Side                                                            ,UPPER WEST SIDE (96-116),R4-CONDOMINIUM,68,2006,152422,6107550,40.07,1964720,12.89,4142830,31309001,205.41,1-01240-0052,2495 BROADWAY,UPPER WEST SIDE (79-96),D6-ELEVATOR,146,2005,129000,6215220,48.18,1486080,11.52,4729140,35480000,275.04,0.35,1-01871-0052,2637 BROADWAY,UPPER WEST SIDE (96-116),D6-ELEVATOR,195,1923,111883,4464535,39.9,1832605,16.38,2631930,19800000,176.97,0,, , , , , , , , , , , , , , 
1-01871-7502,1786-R1,2628 BROADWAY,1,10025,40.796902,-73.970135,7,7,187,1056465,1018717502,Upper West Side                                                            ,UPPER WEST SIDE (96-116),R4-CONDOMINIUM,64,2005,132905,5325503,40.07,1713145,12.89,3612358,27300000,205.41,1-01240-0052,2495 BROADWAY,UPPER WEST SIDE (79-96),D6-ELEVATOR,146,2005,129000,6215220,48.18,1486080,11.52,4729140,35480000,275.04,0.37,1-01871-0052,2637 BROADWAY,UPPER WEST SIDE (96-116),D6-ELEVATOR,195,1923,111883,4464535,39.9,1832605,16.38,2631930,19800000,176.97,0.09,, , , , , , , , , , , , , , 
1-01874-7501,0362-R1,2681 BROADWAY,1,10025,40.798587,-73.968931,7,6,191,1056558,1018747501,Upper West Side                                                            ,UPPER WEST SIDE (96-116),R9-CONDOMINIUM,345,1927,221974,5682534,25.6,1711420,7.71,3971114,28782000,129.66,1-01872-0043,2644 BROADWAY,UPPER WEST SIDE (96-116),D6-ELEVATOR,176,1926,259607,5835965,22.48,2624627,10.11,3211338,23476000,90.43,0.13,1-01869-0044,2586 BROADWAY,UPPER WEST SIDE (96-116),D6-ELEVATOR,138,1911,170928,4907343,28.71,1914394,11.2,2992949,22478000,131.51,0.26,, , , , , , , , , , , , , , 
1-01876-7501,0464-R1,209 WEST 104 STREET,1,10025,40.799333,-73.967114,7,7,191,1075331,1018767501,Upper West Side                                                            ,UPPER WEST SIDE (96-116),R4-CONDOMINIUM,46,1930,33324,1055038,31.66,413551,12.41,641487,4785005,143.59,1-01519-0040,172 EAST 91 STREET,UPPER EAST SIDE (79-96),D7-ELEVATOR,44,1900,35200,1114403,31.66,398373,11.32,716030,5342000,151.76,1.44,1-01453-0035,334 EAST 79 STREET,UPPER EAST SIDE (59-79),D9-ELEVATOR,46,1920,27124,998731,36.82,270162,9.96,728569,5365000,197.8,2,1-01467-0018,425 EAST 72 STREET,UPPER EAST SIDE (59-79),D9-ELEVATOR,49,1938,"57,375","1,195,707",20.84,"223,277",3.89,"972,430","6,570,000",114.51,2.31
1-01878-7501,1406-R1,2770 BROADWAY,1,10025,40.801811,-73.967825,7,7,195,1056646,1018787501,Morningside Heights                                                        ,UPPER WEST SIDE (96-116),R4-CONDOMINIUM,64,2004,133872,4167435,31.13,1137912,8.5,3029523,22624000,169,1-01861-0010,149 WEST 106 STREET,UPPER WEST SIDE (96-116),D3-ELEVATOR,230,1981,170050,5685573,33.43,1507755,8.87,4177818,15450000,90.86,0.15,1-01883-0036,1050 AMSTERDAM AVENUE,UPPER WEST SIDE (96-116),D3-ELEVATOR,100,1991,67536,1946157,28.82,598034,8.86,1348123,3893000,57.64,0.25,, , , , , , , , , , , , , , 
1-01881-7501,0188-R1,504 CATHEDRAL PARKWAY,1,10025,40.803276,-73.964606,7,7,195,1084036,1018817501,Morningside Heights                                                        ,UPPER WEST SIDE (96-116),R4-CONDOMINIUM,148,1920,107102,2711823,25.32,645825,6.03,2065998,14994009,140,1-01882-0020,515 CATHEDRAL PARKWAY,UPPER WEST SIDE (96-116),D3-ELEVATOR,95,1909,83471,2113813,25.32,503306,6.03,1610507,11688000,140.02,0.06,1-01882-0028,1020 AMSTERDAM AVENUE,UPPER WEST SIDE (96-116),D7-ELEVATOR,69,1910,88930,1784918,20.07,449536,5.05,1335382,9270000,104.24,0.06,1-01878-0021,209 WEST 106 STREET,UPPER WEST SIDE (96-116),D9-ELEVATOR,77,1925,"106,149","2,051,860",19.33,"963,833",9.08,"1,088,027","7,802,000",73.5,0.14
1-01881-7502,0291-R1,520 CATHEDRAL PARKWAY,1,10025,40.80363,-73.965451,7,7,195,1056866,1018817502,Morningside Heights                                                        ,UPPER WEST SIDE (96-116),R4-CONDOMINIUM,36,1911,59769,1848000,30.92,571390,9.56,1276610,9538001,159.58,1-01881-0035,1012 AMSTERDAM AVENUE,UPPER WEST SIDE (96-116),D7-ELEVATOR,30,1925,31644,1135949,35.9,354329,11.2,781620,5768000,182.28,0,1-01879-0037,204 WEST 108 STREET,UPPER WEST SIDE (96-116),D1-ELEVATOR,48,1915,42186,1093822,25.93,333826,7.91,759996,5504000,130.47,0.09,, , , , , , , , , , , , , , 
1-01881-7503,1410-R1,514 CATHEDRAL PARKWAY,1,10025,40.803474,-73.965079,7,7,195,1056715,1018817503,Morningside Heights                                                        ,UPPER WEST SIDE (96-116),R4-CONDOMINIUM,49,1900,55578,1718472,30.92,531326,9.56,1187146,8869003,159.58,1-01881-0035,1012 AMSTERDAM AVENUE,UPPER WEST SIDE (96-116),D7-ELEVATOR,30,1925,31644,1135949,35.9,354329,11.2,781620,5768000,182.28,0,1-01879-0037,204 WEST 108 STREET,UPPER WEST SIDE (96-116),D1-ELEVATOR,48,1915,42186,1093822,25.93,333826,7.91,759996,5504000,130.47,0.09,, , , , , , , , , , , , , , 
1-01882-7501,0312-R1,527 CATHEDRAL PARKWAY,1,10025,40.803512,-73.965118,9,7,199,1056918,1018827501,Morningside Heights                                                        ,UPPER WEST SIDE (96-116),R4-CONDOMINIUM,56,1920,70493,2180000,30.93,675000,9.58,1505000,11244005,159.51,1-01881-0035,1012 AMSTERDAM AVENUE,UPPER WEST SIDE (96-116),D7-ELEVATOR,30,1925,31644,1135949,35.9,354329,11.2,781620,5768000,182.28,0.06,1-01879-0037,204 WEST 108 STREET,UPPER WEST SIDE (96-116),D1-ELEVATOR,48,1915,42186,1093822,25.93,333826,7.91,759996,5504000,130.47,0.15,, , , , , , , , , , , , , , 
1-01882-7502,1588-R1,545 CATHEDRAL PARKWAY,1,10025,40.803889,-73.966014,9,7,199,1088200,1018827502,Morningside Heights                                                        ,UPPER WEST SIDE (96-116),R4-CONDOMINIUM,55,2005,79805,2622392,32.86,923344,11.57,1699048,12633998,158.31,1-02026-0033,202 WEST 141 STREET,HARLEM-CENTRAL,D1-ELEVATOR,69,1992,28351,1350493,47.63,535786,18.9,814707,3765000,132.8,1.59,1-01517-0025,155 EAST 88 STREET,UPPER EAST SIDE (79-96),D3-ELEVATOR,50,1976,29000,952855,32.86,303416,10.46,649439,4697000,161.97,1.71,1-01944-0036,2177 FRED DOUGLASS BOULEV,HARLEM-CENTRAL,D9-ELEVATOR,80,1989,"54,779","1,535,924",28.04,"675,153",12.33,"860,771","3,795,000",69.28,0.52
1-01883-7501,0532-R1,2860 BROADWAY,1,10025,40.804962,-73.966107,9,7,199,1075433,1018837501,Morningside Heights                                                        ,UPPER WEST SIDE (96-116),R9-CONDOMINIUM,135,1930,147648,3778312,25.59,1529633,10.36,2248679,16379000,110.93,1-01869-0044,2586 BROADWAY,UPPER WEST SIDE (96-116),D6-ELEVATOR,138,1911,170928,4907343,28.71,1914394,11.2,2992949,22478000,131.51,0.71,1-01872-0043,2644 BROADWAY,UPPER WEST SIDE (96-116),D6-ELEVATOR,176,1926,259607,5835965,22.48,2624627,10.11,3211338,23476000,90.43,0.56,, , , , , , , , , , , , , , 
1-01883-7502,0718-R1,516 WEST 112 STREET,1,10025,40.804555,-73.963651,9,7,199,1056982,1018837502,Morningside Heights                                                        ,UPPER WEST SIDE (96-116),R4-CONDOMINIUM,71,1990,46573,1418148,30.45,556547,11.95,861601,6443002,138.34,1-01944-0036,2177 FRED DOUGLASS BOULEV,HARLEM-CENTRAL,D9-ELEVATOR,80,1989,54779,1535924,28.04,675153,12.33,860771,3795000,69.28,0.49,1-02026-0033,202 WEST 141 STREET,HARLEM-CENTRAL,D1-ELEVATOR,69,1992,28351,1350493,47.63,535786,18.9,814707,3765000,132.8,1.54,, , , , , , , , , , , , , , 
1-01887-7501,1703-R1,306 WEST 97 STREET,1,10025,40.796043,-73.973006,7,6,183,1057061,1018877501,Upper West Side                                                            ,UPPER WEST SIDE (96-116),R4-CONDOMINIUM,61,1920,90386,1500000,16.6,680000,7.52,820000,5389975,59.63,1-01882-0042,518 WEST 111 STREET,UPPER WEST SIDE (96-116),D1-ELEVATOR,32,1925,43002,667569,15.52,327188,7.61,340381,2002000,46.56,0.72,1-01883-0014,529 WEST 111 STREET,UPPER WEST SIDE (96-116),D1-ELEVATOR,37,1920,43540,763692,17.54,381846,8.77,381846,2755000,63.28,0.77,, , , , , , , , , , , , , , 
1-01888-7501,0315-R1,318 WEST 100 STREET,1,10025,40.798022,-73.97185,7,6,187,1057095,1018887501,Upper West Side                                                            ,UPPER WEST SIDE (96-116),R4-CONDOMINIUM,33,1910,39500,815000,20.63,316000,8,499000,3666998,92.84,1-01879-0049,226 WEST 108 STREET,UPPER WEST SIDE (96-116),D1-ELEVATOR,25,1925,21700,398007,18.34,144864,6.68,253143,1821000,83.92,0.43,1-01888-0015,781 WEST END AVENUE,UPPER WEST SIDE (96-116),D3-ELEVATOR,82,1927,91615,1972242,21.53,750492,8.19,1221750,8958000,97.78,0.05,, , , , , , , , , , , , , , 
1-01888-7502,1981-R1,314 WEST 100 STREET,1,10025,40.798,-73.971796,7,6,187,1057093,1018887502,Upper West Side                                                            ,UPPER WEST SIDE (96-116),R4-CONDOMINIUM,33,1940,45120,1346832,29.85,558134,12.37,788698,5910000,130.98,1-01519-0040,172 EAST 91 STREET,UPPER EAST SIDE (79-96),D7-ELEVATOR,44,1900,35200,1114403,31.66,398373,11.32,716030,5342000,151.76,1.51,1-01467-0018,425 EAST 72 STREET,UPPER EAST SIDE (59-79),D9-ELEVATOR,49,1938,57375,1195707,20.84,223277,3.89,972430,6570000,114.51,2.28,, , , , , , , , , , , , , , 
1-01888-7503,1773-R1,817 WEST END AVENUE,1,10025,40.797684,-73.971446,7,6,187,1057091,1018887503,Upper West Side                                                            ,UPPER WEST SIDE (96-116),R4-CONDOMINIUM,76,1920,116255,1825204,15.7,685905,5.9,1139299,7794000,67.04,1-01871-0001,808 WEST END AVENUE,UPPER WEST SIDE (96-116),D3-ELEVATOR,132,1920,107120,2282727,21.31,1049776,9.8,1232951,9045000,84.44,0.09,1-01887-0040,250 RIVERSIDE DRIVE,UPPER WEST SIDE (96-116),D3-ELEVATOR,72,1918,107019,1535723,14.35,829397,7.75,706326,4891000,45.7,0.1,1-01889-0040,290 RIVERSIDE DRIVE,UPPER WEST SIDE (96-116),D3-ELEVATOR,63,1924,"106,763","1,676,627",15.7,"629,623",5.9,"1,047,004","7,163,000",67.09,0.1
1-01889-7501,0872-R1,825 WEST END AVENUE,1,10025,40.798013,-73.971207,7,6,187,1057135,1018897501,Upper West Side                                                            ,UPPER WEST SIDE (96-116),R4-CONDOMINIUM,106,1928,195971,4528890,23.11,1567768,8,2961122,21616001,110.3,1-01891-0026,915 WEST END AVENUE,UPPER WEST SIDE (96-116),D3-ELEVATOR,94,1923,118591,2756615,23.24,884289,7.46,1872326,13664000,115.22,0.2,1-01868-0061,752 WEST END AVENUE,UPPER WEST SIDE (96-116),D3-ELEVATOR,210,1931,198248,4555542,22.98,1691988,8.53,2863554,20570000,103.76,0.22,, , , , , , , , , , , , , , 
1-01891-7502,2054-R1,905 WEST END AVENUE,1,10025,40.800524,-73.969375,7,6,191,1057215,1018917502,Upper West Side                                                            ,UPPER WEST SIDE (96-116),R4-CONDOMINIUM,53,1920,132377,2440000,18.43,1125000,8.5,1315000,9461004,71.47,1-01868-0061,752 WEST END AVENUE,UPPER WEST SIDE (96-116),D3-ELEVATOR,210,1931,198248,4555542,22.98,1691988,8.53,2863554,20570000,103.76,0.41,1-01891-0026,915 WEST END AVENUE,UPPER WEST SIDE (96-116),D3-ELEVATOR,94,1923,118591,2756615,23.24,884289,7.46,1872326,13664000,115.22,0,1-01876-0061,908 WEST END AVENUE,UPPER WEST SIDE (96-116),D3-ELEVATOR,90,1925,"120,542","2,742,209",22.75,"754,061",6.26,"1,988,148","14,525,000",120.5,0.08
1-01893-7501,0831-R1,301 WEST 108 STREET,1,10025,40.803057,-73.967871,7,6,195,1057305,1018937501,Morningside Heights                                                        ,UPPER WEST SIDE (96-116),R9-CONDOMINIUM,137,1920,165106,4527207,27.42,1662617,10.07,2864590,20774000,125.82,1-01887-0003,323 WEST 96 STREET,UPPER WEST SIDE (96-116),D1-ELEVATOR,172,2001,210000,6693604,31.87,1969647,9.38,4723957,35224000,167.73,0.61,1-01868-0061,752 WEST END AVENUE,UPPER WEST SIDE (96-116),D3-ELEVATOR,210,1931,198248,4555542,22.98,1691988,8.53,2863554,20570000,103.76,0.61,, , , , , , , , , , , , , , 
1-01893-7502,1917-R1,610 CATHEDRAL PARKWAY,1,10025,40.804306,-73.967087,7,7,195,1057317,1018937502,Morningside Heights                                                        ,UPPER WEST SIDE (96-116),R4-CONDOMINIUM,67,1922,103749,1956706,18.86,660881,6.37,1295825,9310000,89.74,1-01892-0016,949 WEST END AVENUE,UPPER WEST SIDE (96-116),D3-ELEVATOR,60,1916,83805,1665271,19.87,582470,6.95,1082801,4763000,56.83,0.15,1-01878-0021,209 WEST 106 STREET,UPPER WEST SIDE (96-116),D9-ELEVATOR,77,1925,106149,2051860,19.33,963833,9.08,1088027,7802000,73.5,0.21,1-01878-0025,203 WEST 106 STREET,UPPER WEST SIDE (96-116),D3-ELEVATOR,76,1926,"108,052","1,966,546",18.2,"943,294",8.73,"1,023,252","7,365,000",68.16,0.21
1-01894-7501,0497-R1,2849 BROADWAY,1,10025,40.804553,-73.966433,9,7,199,,,Morningside Heights                                                        ,UPPER WEST SIDE (96-116),R9-CONDOMINIUM,151,1926,192853,4776969,24.77,1847532,9.58,2929437,21288000,110.38,1-01878-0012,2760 BROADWAY,UPPER WEST SIDE (96-116),D6-ELEVATOR,180,1928,249756,5374799,21.52,2141510,8.57,3233289,23706000,94.92,0.25,1-01962-0019,88 MORNINGSIDE DRIVE,MORNINGSIDE HEIGHTS,D9-ELEVATOR,288,1925,189905,4703515,24.77,1819882,9.58,2883633,20955000,110.34,0.48,1-01895-0023,2891 BROADWAY,UPPER WEST SIDE (96-116),D7-ELEVATOR,255,1911,"88,332","2,692,154",30.48,"1,139,010",12.89,"1,553,144","11,614,000",131.48,0.1
1-01896-7501,0202-R1,2931 BROADWAY,1,10025,40.807072,-73.964596,9,7,205,1057388,1018967501,Morningside Heights                                                        ,UPPER WEST SIDE (96-116),R9-CONDOMINIUM,46,1911,63300,1669221,26.37,660219,10.43,1009002,7300000,115.32,1-01895-0023,2891 BROADWAY,UPPER WEST SIDE (96-116),D7-ELEVATOR,255,1911,88332,2692154,30.48,1139010,12.89,1553144,11614000,131.48,0.1,1-01990-0040,468 RIVERSIDE DRIVE,MORNINGSIDE HEIGHTS,D3-ELEVATOR,39,1910,67518,1503076,22.26,537283,7.96,965793,7064000,104.62,0.16,, , , , , , , , , , , , , , 
